"file","md5"
"apply_lookup.R","be5b223fe3c492921b787cf777ae491e"
"carry_subject_vars.R","431793442da1dd050b610a44b5ce59dc"
"compare_adam_dataset.R","20d541b5c856588f20414a8ec8880590"
"derive_age_groups.R","1ef5c1cc246ff07681811d53193a812b"
"derive_analysis_day.R","7c89f968048c15d61687c0241ce0edd7"
"derive_analysis_visit_window.R","b53a8d843341232fd5340194aea24fc2"
"derive_aseq.R","7bb399e98daa437e42c0f7e1a8af1017"
"derive_bds_from_findings.R","234dbd9982285921c2e1de08c8e7105a"
"derive_bds_treatment_context.R","12b34d234df3a43db61dfec5e71594e3"
"derive_closest_record.R","0fbb030e00518323bb8a8c2de8cf7015"
"derive_dtc_vars.R","99b7b2811be7ed207a650efb14a95777"
"derive_duration.R","dca276757231926771a2872c08a3993d"
"derive_first_occurrence_flag.R","74b4afd1e51812a565a632c9ca5caf0b"
"derive_flag_numeric.R","acd0956fd761052056d576d5c1527ae3"
"derive_hiv_resistance_category.R","dc2071fd04173ef20ec403e1b62f97f9"
"derive_hiv_resistance_scoring.R","a94f24ff63b36ab7a86833008deac2b3"
"derive_hiv_virologic_failure.R","090328f39307218b7c67605f1b68f0dd"
"derive_isr_events.R","c036a147580bc8f7936c3fda38757566"
"derive_isr_exposure_context.R","e31bb3212bd8eb8bb1b524bc78090e3c"
"derive_log_change_vars.R","eaa28e33ac58dca49a7456ea74094522"
"derive_param_lookup_from_reference.R","8dd9b0494084dac0dfdd6233a813d9ca"
"derive_pediatric_lms_zscore.R","d0cacd8541729d96d71e141fcd99134c"
"derive_race_groups.R","2b428b460d30289f1ddcbe9613cd91c2"
"derive_subject_baseline_values.R","09cb9d08871bdad826ea9a8fbe39fa2a"
"derive_subject_milestone_dates.R","7a4f0cced9b0a9068ceaedc40b021007"
"derive_subject_summary_flag.R","ce7df93cfffe728b66c4c43dd732e1c5"
"derive_treatment_dates.R","69d409dd153d491a602dc855a795dbf2"
"derive_worst_case_grade_records.R","eb75f2e5c086148e4408ff1a426ec1ab"
"finalize_adam_dataset.R","796c195e52ebb9529d7e06056bdb3568"
"hello.R","370491b25267af859a0d143d4ba8032d"
"join_adsl_vars.R","a7bc4c267ff8391fc981a54537e510d9"
"pmin_date_na.R","c62d6ed1883b7791e6578bfd5d613794"
"select_subject_extreme_record.R","d73b40121bfed0d29bba0a4fb5fbf49e"
"strip_var_attrs.R","3acb7aa7e2fba34adb281cfc1ba1a433"
"supp_qual_lookup.R","a9fa162c924d066e8d2ed1af1c4a5c92"
"utils_validation.R","f64dc3d95111b3915b0076b425059963"
"write_adam_dataset.R","b59905280e20c62776d4c697cb96821d"
